,Cage,MOUSE_ID,SEX,%P/%C/%F,Diet,ENERGY_DENSITY,Date_of_Arrival,Date_of_Death/collection,Mode_of_death,status 1=dead; 2=alive,age at death (w),Arrival.wave,%P,Dry weight food eaten (g/mouse/cage/d),Cellulose intake (g/d),P eaten (kJ/mse/cage/d),C eaten (kJ/mse/cage/d),F eaten (kJ/mse/cage/d),Energy intake (kJ/mse/cage/d),Arrival wave,Energy density
0,1,3,M,60/20/20,SF09-043,LOW,30-Jul-09,27-Jun-11,fd,1,103,First,60,3.58,1.72,17.98,5.99,5.99,29.95,First,1.0
1,2,1,F,60/20/20,SF09-043,LOW,30-Jul-09,27-Jun-11,fd,1,103,First,60,2.93,1.41,14.75,4.91,4.91,24.56,First,1.0
2,2,3,F,60/20/20,SF09-043,LOW,30-Jul-09,01-Jul-11,fd,1,103,First,60,2.93,1.41,14.75,4.91,4.91,24.56,First,1.0
3,7,1,M,33/47/20,SF09-052,LOW,30-Jul-09,30-Jan-12,fd,1,134,First,33,,,,,,,,
4,7,3,M,33/47/20,SF09-052,LOW,30-Jul-09,28-Jan-12,fd,1,133,First,33,,,,,,,,
5,8,1,F,33/47/20,SF09-052,LOW,30-Jul-09,21-Jan-12,fd,1,132,First,33,3.44,1.62,9.53,13.83,5.77,29.13,First,1.0
6,8,3,F,33/47/20,SF09-052,LOW,30-Jul-09,30-Jan-12,fd,1,134,First,33,3.44,1.62,9.53,13.83,5.77,29.13,First,1.0
7,9,1,M,33/20/47,SF09-055,LOW,30-Jul-09,12-Apr-10,fd,1,40,First,33,,,,,,,,
8,9,3,M,33/20/47,SF09-055,LOW,30-Jul-09,16-Feb-11,fd,1,84,First,33,,,,,,,,
9,10,1,F,33/20/47,SF09-055,LOW,30-Jul-09,04-Apr-11,fd canna,1,91,First,33,3.99,2.23,11.03,6.68,16.02,33.73,First,1.0
10,10,3,F,33/20/47,SF09-055,LOW,30-Jul-09,17-May-11,fd,1,97,First,33,3.99,2.23,11.03,6.68,16.02,33.73,First,1.0
11,13,1,M,14/29/57,SF09-061,LOW,30-Jul-09,17-Jul-11,fd,1,105,First,14,4.02,2.41,4.72,9.77,19.2,33.69,First,1.0
12,13,3,M,14/29/57,SF09-061,LOW,30-Jul-09,30-May-11,cann,1,99,First,14,4.02,2.41,4.72,9.77,19.2,33.69,First,1.0
13,14,1,F,14/29/57,SF09-061,LOW,30-Jul-09,11-Jul-11,cann,1,105,First,14,3.73,2.24,4.38,9.06,17.81,31.25,First,1.0
14,14,3,F,14/29/57,SF09-061,LOW,30-Jul-09,08-Aug-11,fd,1,109,First,14,3.73,2.24,4.38,9.06,17.81,31.25,First,1.0
15,15,2,M,14/57/29,SF09-064,LOW,30-Jul-09,21-Jun-10,fd,1,50,First,14,,,,,,,,
16,15,3,M,14/57/29,SF09-064,LOW,30-Jul-09,18-Jul-11,fd,1,106,First,14,,,,,,,,
17,16,1,F,14/57/29,SF09-064,LOW,30-Jul-09,23-Aug-11,fd,1,111,First,14,3.4,1.73,3.99,16.21,8.25,28.45,First,1.0
18,16,3,F,14/57/29,SF09-064,LOW,30-Jul-09,27-Jun-11,cann,1,103,First,14,3.4,1.73,3.99,16.21,8.25,28.45,First,1.0
19,17,1,M,42/29/29,SF09-067,LOW,30-Jul-09,27-Jun-11,cann,1,103,First,42,,,,,,,,
20,17,2,M,42/29/29,SF09-067,LOW,30-Jul-09,03-Mar-10,fd,1,34,First,42,,,,,,,,
21,17,3,M,42/29/29,SF09-067,LOW,30-Jul-09,17-Jul-11,fd,1,105,First,42,,,,,,,,
22,18,1,F,42/29/29,SF09-067,LOW,30-Jul-09,05-Mar-11,fd,1,86,First,42,3.35,1.71,11.81,8.14,8.14,28.09,First,1.0
23,18,3,F,42/29/29,SF09-067,LOW,30-Jul-09,23-Jun-11,fd,1,102,First,42,3.35,1.71,11.81,8.14,8.14,28.09,First,1.0
24,19,1,M,23/38/38,SF09-070,LOW,30-Jul-09,30-May-11,fd,1,99,First,23,,,,,,,,
25,19,2,M,23/38/38,SF09-070,LOW,30-Jul-09,01-Jul-10,rp,1,51,First,23,,,,,,,,
26,19,3,M,23/38/38,SF09-070,LOW,30-Jul-09,15-May-11,cann,1,96,First,23,,,,,,,,
27,20,1,F,23/38/38,SF09-070,LOW,30-Jul-09,12-Jun-11,fd,1,100,First,23,3.69,1.99,7.11,11.72,11.72,30.55,First,1.0
28,20,3,F,23/38/38,SF09-070,LOW,30-Jul-09,06-May-11,cann,1,95,First,23,3.69,1.99,7.11,11.72,11.72,30.55,First,1.0
29,21,3,M,60/20/20,SF09-044,MED,30-Jul-09,30-Dec-11,fd,1,129,First,60,2.5,0.58,18.87,6.28,6.28,31.43,First,2.0
30,22,1,F,60/20/20,SF09-044,MED,30-Jul-09,15-May-11,fd,1,96,First,60,2.34,0.54,17.65,5.87,5.87,29.4,First,2.0
31,22,3,F,60/20/20,SF09-044,MED,30-Jul-09,26-Oct-11,fd,1,120,First,60,2.34,0.54,17.65,5.87,5.87,29.4,First,2.0
32,23,1,M,5/75/20,SF09-047,MED,30-Jul-09,09-Mar-12,fd,1,139,First,5,,,,,,,,
33,23,2,M,5/75/20,SF09-047,MED,30-Jul-09,20-Jun-11,fd,1,102,First,5,,,,,,,,
34,23,3,M,5/75/20,SF09-047,MED,30-Jul-09,13-Jan-10,fd,1,27,First,5,,,,,,,,
35,24,1,F,5/75/20,SF09-047,MED,30-Jul-09,02-Jul-11,fd,1,103,First,5,2.84,0.68,1.79,26.76,7.13,35.68,First,2.0
36,24,3,F,5/75/20,SF09-047,MED,30-Jul-09,11-Jan-12,fd,1,131,First,5,2.84,0.68,1.79,26.76,7.13,35.68,First,2.0
37,27,1,M,33/47/20,SF09-053,MED,30-Jul-09,01-Feb-11,fd,1,82,First,33,3.21,0.74,13.31,19.32,8.05,40.68,First,2.0
38,27,3,M,33/47/20,SF09-053,MED,30-Jul-09,28-Jan-12,fd,1,133,First,33,3.21,0.74,13.31,19.32,8.05,40.68,First,2.0
39,28,1,F,33/47/20,SF09-053,MED,30-Jul-09,15-Mar-12,fd,1,140,First,33,2.69,0.62,11.15,16.19,6.75,34.09,First,2.0
40,28,3,F,33/47/20,SF09-053,MED,30-Jul-09,23-Jan-12,fd,1,133,First,33,2.69,0.62,11.15,16.19,6.75,34.09,First,2.0
41,29,1,M,33/20/47,SF09-056,MED,30-Jul-09,04-Oct-11,fd,1,117,First,33,3.06,1.13,12.7,7.69,18.45,38.84,First,2.0
42,29,3,M,33/20/47,SF09-056,MED,30-Jul-09,25-Jul-11,fd,1,107,First,33,3.06,1.13,12.7,7.69,18.45,38.84,First,2.0
43,30,1,F,33/20/47,SF09-056,MED,30-Jul-09,08-Aug-11,fd,1,109,First,33,2.87,1.06,11.91,7.21,17.3,36.42,First,2.0
44,30,3,F,33/20/47,SF09-056,MED,30-Jul-09,02-Jul-11,fd,1,103,First,33,2.87,1.06,11.91,7.21,17.3,36.42,First,2.0
45,33,1,M,14/29/57,SF09-062,MED,07-Aug-09,19-Nov-11,fd,1,122,First,14,3.68,1.55,6.48,13.41,26.35,46.24,First,2.0
46,33,3,M,14/29/57,SF09-062,MED,07-Aug-09,26-Dec-11,fd,1,127,First,14,3.68,1.55,6.48,13.41,26.35,46.24,First,2.0
47,34,1,F,14/29/57,SF09-062,MED,07-Aug-09,25-Aug-10,fd,1,58,First,14,,,,,,,,
48,34,2,F,14/29/57,SF09-062,MED,07-Aug-09,29-Oct-11,fd,1,119,First,14,,,,,,,,
49,34,3,F,14/29/57,SF09-062,MED,07-Aug-09,29-Sep-11,? Fd,1,115,First,14,,,,,,,,
50,35,1,M,14/57/29,SF09-065,MED,07-Aug-09,02-Jul-12,fd,1,154,First,14,3.08,0.86,5.42,22.05,11.22,38.69,First,2.0
51,35,3,M,14/57/29,SF09-065,MED,07-Aug-09,23-Jan-12,fd,1,131,First,14,3.08,0.86,5.42,22.05,11.22,38.69,First,2.0
52,36,1,F,14/57/29,SF09-065,MED,07-Aug-09,17-Oct-11,fd,1,117,First,14,2.67,0.75,4.7,19.13,9.73,33.56,First,2.0
53,37,1,M,42/29/29,SF09-068,MED,07-Aug-09,11-Apr-12,fd,1,143,First,42,2.93,0.82,15.45,10.65,10.65,36.74,First,2.0
54,37,3,M,42/29/29,SF09-068,MED,07-Aug-09,30-Jan-12,fd,1,132,First,42,2.93,0.82,15.45,10.65,10.65,36.74,First,2.0
55,38,1,F,42/29/29,SF09-068,MED,07-Aug-09,10-Jul-11,fd,1,103,First,42,2.68,0.75,14.14,9.74,9.74,33.62,First,2.0
56,38,3,F,42/29/29,SF09-068,MED,07-Aug-09,17-Jul-11,fd,1,104,First,42,2.68,0.75,14.14,9.74,9.74,33.62,First,2.0
57,39,1,M,23/38/38,SF09-071,MED,07-Aug-09,08-Jul-11,fd,1,103,First,23,3.68,1.21,10.63,17.53,17.53,45.7,First,2.0
58,39,3,M,23/38/38,SF09-071,MED,07-Aug-09,18-Jul-11,fd,1,104,First,23,3.68,1.21,10.63,17.53,17.53,45.7,First,2.0
59,40,1,F,23/38/38,SF09-071,MED,07-Aug-09,18-Dec-11,fd,1,126,First,23,2.46,0.81,7.11,11.73,11.73,30.58,First,2.0
60,40,3,F,23/38/38,SF09-071,MED,07-Aug-09,23-Apr-12,fd,1,144,First,23,2.46,0.81,7.11,11.73,11.73,30.58,First,2.0
61,41,1,M,60/20/20,SF09-045,HIGH,07-Aug-09,30-Dec-11,fd,1,128,First,60,2.57,0.0,25.82,8.59,8.59,43.0,First,3.0
62,41,3,M,60/20/20,SF09-045,HIGH,07-Aug-09,24-Dec-11,fd,1,127,First,60,2.57,0.0,25.82,8.59,8.59,43.0,First,3.0
63,42,1,F,60/20/20,SF09-045,HIGH,07-Aug-09,14-Mar-11,fd canna cage 42/2,1,86,First,60,2.19,0.0,22.04,7.33,7.33,36.71,First,3.0
64,42,3,F,60/20/20,SF09-045,HIGH,07-Aug-09,23-May-11,fd,1,96,First,60,2.19,0.0,22.04,7.33,7.33,36.71,First,3.0
65,43,1,M,5/75/20,SF09-048,HIGH,07-Aug-09,15-Dec-11,fd,1,126,First,5,2.91,0.0,2.44,36.49,9.73,48.65,First,3.0
66,43,3,M,5/75/20,SF09-048,HIGH,07-Aug-09,26-Feb-11,fd,1,84,First,5,2.91,0.0,2.44,36.49,9.73,48.65,First,3.0
67,44,1,F,5/75/20,SF09-048,HIGH,07-Aug-09,31-Oct-11,cann,1,119,First,5,2.41,0.0,2.02,30.19,8.05,40.25,First,3.0
68,44,3,F,5/75/20,SF09-048,HIGH,07-Aug-09,13-Nov-11,fd,1,121,First,5,2.41,0.0,2.02,30.19,8.05,40.25,First,3.0
69,45,1,M,5/20/75,SF09-051,HIGH,07-Aug-09,28-Aug-11,fd,1,110,First,5,2.54,0.91,2.13,8.5,31.89,42.52,First,3.0
70,45,3,M,5/20/75,SF09-051,HIGH,07-Aug-09,20-May-11,fd,1,96,First,5,2.54,0.91,2.13,8.5,31.89,42.52,First,3.0
71,46,1,F,5/20/75,SF09-051,HIGH,07-Aug-09,21-Jan-12,fd,1,131,First,5,3.28,1.18,2.75,10.98,41.18,54.9,First,3.0
72,46,3,F,5/20/75,SF09-051,HIGH,07-Aug-09,01-Aug-11,fd,1,106,First,5,3.28,1.18,2.75,10.98,41.18,54.9,First,3.0
73,47,1,M,33/47/20,SF09-054,HIGH,07-Aug-09,26-Mar-12,fd,1,140,First,33,2.93,0.0,16.19,23.51,9.79,49.49,First,3.0
74,47,3,M,33/47/20,SF09-054,HIGH,07-Aug-09,23-Oct-11,cann,1,118,First,33,2.93,0.0,16.19,23.51,9.79,49.49,First,3.0
75,48,1,F,33/47/20,SF09-054,HIGH,07-Aug-09,05-Jun-11,cann,1,98,First,33,2.29,0.0,12.64,18.36,7.65,38.64,First,3.0
76,49,1,M,33/20/47,SF09-057,HIGH,07-Aug-09,15-Nov-11,fd,1,122,First,33,2.53,0.43,13.97,8.46,20.29,42.72,First,3.0
77,49,3,M,33/20/47,SF09-057,HIGH,07-Aug-09,02-Jul-11,fd,1,102,First,33,2.53,0.43,13.97,8.46,20.29,42.72,First,3.0
78,50,1,F,33/20/47,SF09-057,HIGH,07-Aug-09,22-Aug-11,fd,1,109,First,33,2.22,0.38,12.26,7.42,17.8,37.48,First,3.0
79,50,3,F,33/20/47,SF09-057,HIGH,07-Aug-09,06-Aug-11,fd,1,107,First,33,2.22,0.38,12.26,7.42,17.8,37.48,First,3.0
80,51,1,M,5/48/48,SF09-060,HIGH,07-Aug-09,10-May-12,fd,1,147,First,5,,,,,,,,
81,51,2,M,5/48/48,SF09-060,HIGH,07-Aug-09,30-Dec-11,fd,1,128,First,5,,,,,,,,
82,51,3,M,5/48/48,SF09-060,HIGH,07-Aug-09,12-Oct-09,Found dead - cannabilised,1,12,First,5,,,,,,,,
83,52,1,F,5/48/48,SF09-060,HIGH,07-Aug-09,19-Nov-11,fd,1,122,First,5,2.92,0.5,2.45,23.49,23.49,49.43,First,3.0
84,52,3,F,5/48/48,SF09-060,HIGH,07-Aug-09,27-Oct-11,fd,1,119,First,5,2.92,0.5,2.45,23.49,23.49,49.43,First,3.0
85,53,2,M,14/29/57,SF09-063,HIGH,07-Aug-09,07-Dec-09,FD,1,20,First,14,,,,,,,,
86,53,3,M,14/29/57,SF09-063,HIGH,07-Aug-09,15-Nov-11,fd,1,122,First,14,,,,,,,,
87,54,1,F,14/29/57,SF09-063,HIGH,07-Aug-09,11-Aug-11,fd,1,108,First,14,2.86,0.69,6.72,13.9,27.32,47.94,First,3.0
88,54,3,F,14/29/57,SF09-063,HIGH,07-Aug-09,11-Jul-11,fd,1,103,First,14,2.86,0.69,6.72,13.9,27.32,47.94,First,3.0
89,55,3,M,14/57/29,SF09-066,HIGH,07-Aug-09,11-Apr-11,fd,1,90,First,14,2.53,0.13,5.94,24.13,12.28,42.35,First,3.0
90,56,1,F,14/57/29,SF09-066,HIGH,07-Aug-09,31-Dec-11,fd,1,128,First,14,2.35,0.12,5.51,22.39,11.39,39.29,First,3.0
91,56,3,F,14/57/29,SF09-066,HIGH,07-Aug-09,17-Oct-11,fd,1,117,First,14,2.35,0.12,5.51,22.39,11.39,39.29,First,3.0
92,57,1,M,42/29/29,SF09-069,HIGH,07-Aug-09,01-Jun-12,fd,1,150,First,42,2.29,0.11,16.14,11.12,11.12,38.39,First,3.0
93,57,3,M,42/29/29,SF09-069,HIGH,07-Aug-09,20-Feb-12,fd,1,135,First,42,2.29,0.11,16.14,11.12,11.12,38.39,First,3.0
94,58,1,F,42/29/29,SF09-069,HIGH,07-Aug-09,01-Aug-11,fd,1,106,First,42,,,,,,,,
95,58,2,F,42/29/29,SF09-069,HIGH,07-Aug-09,29-Aug-11,fd,1,110,First,42,,,,,,,,
96,58,3,F,42/29/29,SF09-069,HIGH,07-Aug-09,07-Dec-09,fd,1,20,First,42,,,,,,,,
97,59,1,M,23/38/38,SF09-072,HIGH,07-Aug-09,05-Mar-11,fd canna,1,85,First,23,3.24,0.39,12.48,20.59,20.59,53.67,First,3.0
98,59,3,M,23/38/38,SF09-072,HIGH,07-Aug-09,30-Jul-11,fd,1,106,First,23,3.24,0.39,12.48,20.59,20.59,53.67,First,3.0
99,60,2,F,23/38/38,SF09-072,HIGH,07-Aug-09,04-Jul-11,fd,1,102,First,23,,,,,,,,
100,60,3,F,23/38/38,SF09-072,HIGH,07-Aug-09,07-Jul-11,fd,1,103,First,23,,,,,,,,
101,61,1,M,60/20/20,SF09-043,LOW,07-Aug-09,14-Feb-11,fd canna,1,82,First,60,3.3,1.58,16.61,5.53,5.53,27.66,First,1.0
102,61,3,M,60/20/20,SF09-043,LOW,07-Aug-09,08-Jun-11,fd,1,99,First,60,3.3,1.58,16.61,5.53,5.53,27.66,First,1.0
103,62,1,F,60/20/20,SF09-043,LOW,07-Aug-09,05-Jun-11,fd,1,98,First,60,3.01,1.45,15.15,5.04,5.04,25.24,First,1.0
104,62,3,F,60/20/20,SF09-043,LOW,07-Aug-09,12-Jun-11,fd,1,99,First,60,3.01,1.45,15.15,5.04,5.04,25.24,First,1.0
105,67,2,M,33/47/20,SF09-052,LOW,19-Aug-09,11-Jan-12,fd,1,128,First,33,,,,,,,,
106,67,3,M,33/47/20,SF09-052,LOW,19-Aug-09,15-Jan-12,fd,1,129,First,33,,,,,,,,
107,68,1,F,33/47/20,SF09-052,LOW,19-Aug-09,01-Jan-12,fd,1,127,First,33,,,,,,,,
108,68,2,F,33/47/20,SF09-052,LOW,19-Aug-09,26-Feb-11,fd,1,82,First,33,,,,,,,,
109,68,3,F,33/47/20,SF09-052,LOW,19-Aug-09,25-Aug-10,fd,1,56,First,33,,,,,,,,
110,69,2,M,33/20/47,SF09-055,LOW,19-Aug-09,30-Jan-11,fd,1,79,First,33,,,,,,,,
111,69,3,M,33/20/47,SF09-055,LOW,19-Aug-09,22-Sep-10,fd,1,60,First,33,,,,,,,,
112,70,1,F,33/20/47,SF09-055,LOW,19-Aug-09,15-May-11,fd,1,94,First,33,3.81,2.13,10.53,6.37,15.3,32.2,First,1.0
113,70,3,F,33/20/47,SF09-055,LOW,19-Aug-09,02-Apr-11,fd canna,1,87,First,33,3.81,2.13,10.53,6.37,15.3,32.2,First,1.0
114,73,1,M,14/29/57,SF09-061,LOW,19-Aug-09,18-May-11,fd,1,94,First,14,,,,,,,,
115,74,1,F,14/29/57,SF09-061,LOW,19-Aug-09,11-Apr-11,fd,1,89,First,14,,,,,,,,
116,74,3,F,14/29/57,SF09-061,LOW,19-Aug-09,18-Mar-11,fd canna,1,85,First,14,,,,,,,,
117,75,3,M,14/57/29,SF09-064,LOW,19-Aug-09,10-Jul-11,,1,102,First,14,,,,,,,,
118,76,1,F,14/57/29,SF09-064,LOW,19-Aug-09,25-Jul-11,fd,1,104,First,14,,,,,,,,
119,76,3,F,14/57/29,SF09-064,LOW,19-Aug-09,11-Dec-10,fd,1,71,First,14,,,,,,,,
120,77,1,M,42/29/29,SF09-067,LOW,19-Aug-09,27-Jun-11,fd,1,100,First,42,4.11,2.09,14.46,9.96,9.96,34.38,First,1.0
121,77,3,M,42/29/29,SF09-067,LOW,19-Aug-09,03-May-11,fd,1,92,First,42,4.11,2.09,14.46,9.96,9.96,34.38,First,1.0
122,78,1,F,42/29/29,SF09-067,LOW,19-Aug-09,21-Mar-11,fd canna,1,86,First,42,,,,,,,,
123,78,2,F,42/29/29,SF09-067,LOW,19-Aug-09,08-Dec-10,FD,1,71,First,42,,,,,,,,
124,78,3,F,42/29/29,SF09-067,LOW,19-Aug-09,11-Sep-10,fd,1,58,First,42,,,,,,,,
125,79,1,M,23/38/38,SF09-070,LOW,19-Aug-09,25-Jan-11,fd,1,78,First,23,4.03,2.18,7.78,12.83,12.83,33.43,First,1.0
126,79,3,M,23/38/38,SF09-070,LOW,19-Aug-09,27-Jun-11,fd,1,100,First,23,4.03,2.18,7.78,12.83,12.83,33.43,First,1.0
127,80,1,F,23/38/38,SF09-070,LOW,19-Aug-09,01-Jul-11,fd,1,100,First,23,,,,,,,,
128,80,3,F,23/38/38,SF09-070,LOW,19-Aug-09,01-May-11,fd,1,92,First,23,,,,,,,,
129,81,1,M,60/20/20,SF09-044,MED,19-Aug-09,05-Jan-12,cann,1,127,First,60,,,,,,,,
130,81,3,M,60/20/20,SF09-044,MED,19-Aug-09,24-Jan-12,fd,1,130,First,60,,,,,,,,
131,82,1,F,60/20/20,SF09-044,MED,19-Aug-09,25-Jul-11,fd,1,104,First,60,2.31,0.53,17.4,5.79,5.79,28.97,First,2.0
132,83,1,M,5/75/20,SF09-047,MED,19-Aug-09,25-Jun-12,fd,1,152,First,5,3.18,0.76,2.0,29.95,7.99,39.93,First,2.0
133,83,3,M,5/75/20,SF09-047,MED,19-Aug-09,30-Apr-12,fd,1,144,First,5,3.18,0.76,2.0,29.95,7.99,39.93,First,2.0
134,84,1,F,5/75/20,SF09-047,MED,19-Aug-09,02-Feb-12,fd,1,131,First,5,2.66,0.64,1.68,25.08,6.69,33.44,First,2.0
135,84,3,F,5/75/20,SF09-047,MED,19-Aug-09,26-Dec-11,fd,1,126,First,5,2.66,0.64,1.68,25.08,6.69,33.44,First,2.0
136,87,1,M,33/47/20,SF09-053,MED,19-Aug-09,25-May-12,fd,1,147,First,33,3.22,0.74,13.36,19.4,8.08,40.83,First,2.0
137,87,3,M,33/47/20,SF09-053,MED,19-Aug-09,12-Sep-11,cann,1,111,First,33,3.22,0.74,13.36,19.4,8.08,40.83,First,2.0
138,88,1,F,33/47/20,SF09-053,MED,19-Aug-09,20-Feb-12,fd,1,134,First,33,2.7,0.62,11.2,16.26,6.77,34.23,First,2.0
139,88,3,F,33/47/20,SF09-053,MED,19-Aug-09,04-Dec-11,cann,1,123,First,33,2.7,0.62,11.2,16.26,6.77,34.23,First,2.0
140,89,1,M,33/20/47,SF09-056,MED,19-Aug-09,05-Mar-12,fd,1,136,First,33,3.33,1.23,13.81,8.35,20.05,42.2,First,2.0
141,89,3,M,33/20/47,SF09-056,MED,19-Aug-09,17-Jan-12,fd,1,129,First,33,3.33,1.23,13.81,8.35,20.05,42.2,First,2.0
142,90,3,F,33/20/47,SF09-056,MED,19-Aug-09,11-Aug-11,fd,1,106,First,33,2.79,1.03,11.56,6.99,16.79,35.34,First,2.0
143,93,1,M,14/29/57,SF09-062,MED,19-Aug-09,22-Nov-11,fd,1,121,First,14,3.38,1.42,5.94,12.3,24.17,42.41,First,2.0
144,93,3,M,14/29/57,SF09-062,MED,19-Aug-09,18-Jul-11,fd,1,103,First,14,3.38,1.42,5.94,12.3,24.17,42.41,First,2.0
145,94,1,F,14/29/57,SF09-062,MED,19-Aug-09,12-Jul-10,fd,1,50,First,14,,,,,,,,
146,94,2,F,14/29/57,SF09-062,MED,19-Aug-09,04-Oct-11,fd,1,114,First,14,,,,,,,,
147,94,3,F,14/29/57,SF09-062,MED,19-Aug-09,08-Nov-11,fd,1,119,First,14,,,,,,,,
148,95,1,M,14/57/29,SF09-065,MED,19-Aug-09,26-Sep-11,fd,1,113,First,14,,,,,,,,
149,95,2,M,14/57/29,SF09-065,MED,19-Aug-09,12-Jul-10,fd,1,50,First,14,,,,,,,,
150,95,3,M,14/57/29,SF09-065,MED,19-Aug-09,28-Jul-11,fd,1,104,First,14,,,,,,,,
151,96,1,F,14/57/29,SF09-065,MED,19-Aug-09,07-Dec-11,fd,1,123,First,14,2.72,0.76,4.79,19.45,9.9,34.14,First,2.0
152,96,3,F,14/57/29,SF09-065,MED,19-Aug-09,04-Jun-12,fd,1,149,First,14,2.72,0.76,4.79,19.45,9.9,34.14,First,2.0
153,97,1,M,42/29/29,SF09-068,MED,19-Aug-09,05-Mar-11,fd,1,83,First,42,,,,,,,,
154,97,3,M,42/29/29,SF09-068,MED,19-Aug-09,02-Jul-12,fd,1,153,First,42,,,,,,,,
155,98,1,F,42/29/29,SF09-068,MED,19-Aug-09,04-Dec-11,fd,1,123,First,42,2.56,0.72,13.5,9.3,9.3,32.11,First,2.0
156,98,3,F,42/29/29,SF09-068,MED,19-Aug-09,16-Apr-12,fd,1,142,First,42,2.56,0.72,13.5,9.3,9.3,32.11,First,2.0
157,99,1,M,23/38/38,SF09-071,MED,19-Aug-09,16-Apr-12,fd,1,142,First,23,3.66,1.21,10.58,17.45,17.45,45.48,First,2.0
158,99,3,M,23/38/38,SF09-071,MED,19-Aug-09,13-Dec-11,fd,1,124,First,23,3.66,1.21,10.58,17.45,17.45,45.48,First,2.0
159,100,1,F,23/38/38,SF09-071,MED,19-Aug-09,28-Jan-12,fd,1,130,First,23,2.78,0.92,8.04,13.26,13.26,34.56,First,2.0
160,100,3,F,23/38/38,SF09-071,MED,19-Aug-09,23-Jun-11,fd,1,99,First,23,2.78,0.92,8.04,13.26,13.26,34.56,First,2.0
161,101,1,M,60/20/20,SF09-045,HIGH,23-Oct-09,13-Jan-10,fd,1,15,Second,60,,,,,,,,
162,101,2,M,60/20/20,SF09-045,HIGH,23-Oct-09,05-Jan-12,fd,1,118,Second,60,,,,,,,,
163,101,3,M,60/20/20,SF09-045,HIGH,23-Oct-09,09-Sep-11,fd,1,101,Second,60,,,,,,,,
164,102,1,F,60/20/20,SF09-045,HIGH,23-Oct-09,19-Oct-11,fd,1,107,Second,60,2.13,0.0,21.39,7.12,7.12,35.62,Second,3.0
165,102,3,F,60/20/20,SF09-045,HIGH,23-Oct-09,30-Aug-11,fd,1,100,Second,60,2.13,0.0,21.39,7.12,7.12,35.62,Second,3.0
166,103,1,M,5/75/20,SF09-048,HIGH,23-Oct-09,2012-05-17,fd,1,137,Second,5,2.63,0.0,2.21,33.06,8.82,44.08,Second,3.0
167,103,3,M,5/75/20,SF09-048,HIGH,23-Oct-09,08-Aug-11,cann,1,96,Second,5,2.63,0.0,2.21,33.06,8.82,44.08,Second,3.0
168,104,1,F,5/75/20,SF09-048,HIGH,23-Oct-09,27-Sep-11,FD,1,104,Second,5,,,,,,,,
169,104,2,F,5/75/20,SF09-048,HIGH,23-Oct-09,11-May-10,fd,1,32,Second,5,,,,,,,,
170,104,3,F,5/75/20,SF09-048,HIGH,23-Oct-09,30-Nov-11,fd,1,113,Second,5,,,,,,,,
171,105,1,M,5/20/75,SF09-051,HIGH,23-Oct-09,31-Oct-11,fd,1,108,Second,5,,,,,,,,
172,105,2,M,5/20/75,SF09-051,HIGH,23-Oct-09,17-May-10,fd,1,32,Second,5,,,,,,,,
173,105,3,M,5/20/75,SF09-051,HIGH,23-Oct-09,30-Aug-11,fd,1,100,Second,5,,,,,,,,
174,106,1,F,5/20/75,SF09-051,HIGH,23-Oct-09,30-Apr-12,fd,1,134,Second,5,,,,,,,,
175,106,2,F,5/20/75,SF09-051,HIGH,23-Oct-09,03-Apr-10,fd,1,26,Second,5,,,,,,,,
176,107,3,M,33/47/20,SF09-054,HIGH,23-Oct-09,22-May-11,fd,1,85,Second,33,2.96,0.0,16.37,23.77,9.9,50.04,Second,3.0
177,108,1,F,33/47/20,SF09-054,HIGH,23-Oct-09,27-Jun-11,fd,1,90,Second,33,,,,,,,,
178,108,2,F,33/47/20,SF09-054,HIGH,23-Oct-09,15-Dec-10,fd,1,63,Second,33,,,,,,,,
179,108,3,F,33/47/20,SF09-054,HIGH,23-Oct-09,28-Aug-11,fd,1,99,Second,33,,,,,,,,
180,109,1,M,33/20/47,SF09-057,HIGH,23-Oct-09,28-Jun-12,fd,1,143,Second,33,,,,,,,,
181,109,3,M,33/20/47,SF09-057,HIGH,23-Oct-09,05-Apr-12,fd,1,131,Second,33,,,,,,,,
182,110,1,F,33/20/47,SF09-057,HIGH,23-Oct-09,2011-10-19,euthanased,1,107,Second,33,2.35,0.4,13.01,7.87,18.89,39.78,Second,3.0
183,110,3,F,33/20/47,SF09-057,HIGH,23-Oct-09,2011-10-19,fd,1,107,Second,33,2.35,0.4,13.01,7.87,18.89,39.78,Second,3.0
184,111,1,M,5/48/48,SF09-060,HIGH,23-Oct-09,21-Jun-12,fd,1,142,Second,5,,,,,,,,
185,111,2,M,5/48/48,SF09-060,HIGH,23-Oct-09,30-Apr-12,fd,1,134,Second,5,,,,,,,,
186,111,3,M,5/48/48,SF09-060,HIGH,23-Oct-09,26-Jan-10,fd,1,17,Second,5,,,,,,,,
187,112,1,F,5/48/48,SF09-060,HIGH,23-Oct-09,25-Jun-12,fd,1,142,Second,5,2.8,0.48,2.35,22.49,22.49,47.33,Second,3.0
188,112,3,F,5/48/48,SF09-060,HIGH,23-Oct-09,15-Jun-12,fd,1,141,Second,5,2.8,0.48,2.35,22.49,22.49,47.33,Second,3.0
189,113,1,M,14/29/57,SF09-063,HIGH,23-Oct-09,08-Mar-12,fd,1,127,Second,14,3.64,0.87,8.53,17.64,34.68,60.85,Second,3.0
190,113,3,M,14/29/57,SF09-063,HIGH,23-Oct-09,15-Nov-11,fd,1,111,Second,14,3.64,0.87,8.53,17.64,34.68,60.85,Second,3.0
191,114,1,F,14/29/57,SF09-063,HIGH,23-Oct-09,12-Oct-11,fd,1,106,Second,14,2.6,0.63,6.11,12.64,24.84,43.6,Second,3.0
192,114,3,F,14/29/57,SF09-063,HIGH,23-Oct-09,13-Aug-11,fd,1,97,Second,14,2.6,0.63,6.11,12.64,24.84,43.6,Second,3.0
193,115,1,M,14/57/29,SF09-066,HIGH,23-Oct-09,2011-12-22,fd,1,116,Second,14,2.77,0.14,6.49,26.4,13.43,46.32,Second,3.0
194,115,3,M,14/57/29,SF09-066,HIGH,23-Oct-09,21-Mar-12,fd,1,129,Second,14,2.77,0.14,6.49,26.4,13.43,46.32,Second,3.0
195,116,3,F,14/57/29,SF09-066,HIGH,23-Oct-09,25-Nov-11,fd,1,112,Second,14,2.29,0.11,5.38,21.85,11.11,38.34,Second,3.0
196,117,1,M,42/29/29,SF09-069,HIGH,23-Oct-09,20-Jun-11,cann,1,89,Second,42,2.48,0.12,17.48,12.05,12.05,41.58,Second,3.0
197,117,3,M,42/29/29,SF09-069,HIGH,23-Oct-09,05-Sep-11,fd,1,100,Second,42,2.48,0.12,17.48,12.05,12.05,41.58,Second,3.0
198,118,1,F,42/29/29,SF09-069,HIGH,23-Oct-09,07-Dec-09,FD,1,9,Second,42,,,,,,,,
199,118,2,F,42/29/29,SF09-069,HIGH,23-Oct-09,2012-08-28,fd,1,152,Second,42,,,,,,,,
200,118,3,F,42/29/29,SF09-069,HIGH,23-Oct-09,28-Jun-12,fd,1,143,Second,42,,,,,,,,
201,119,1,M,23/38/38,SF09-072,HIGH,23-Oct-09,01-Apr-10,fd,1,26,Second,23,,,,,,,,
202,119,2,M,23/38/38,SF09-072,HIGH,23-Oct-09,28-Apr-12,fd,1,134,Second,23,,,,,,,,
203,119,3,M,23/38/38,SF09-072,HIGH,23-Oct-09,05-Jan-12,fd,1,118,Second,23,,,,,,,,
204,120,2,F,23/38/38,SF09-072,HIGH,23-Oct-09,14-Apr-11,fd,1,80,Second,23,,,,,,,,
205,120,3,F,23/38/38,SF09-072,HIGH,23-Oct-09,02-Sep-11,fd,1,100,Second,23,,,,,,,,
206,121,1,M,60/20/20,SF09-043,LOW,23-Oct-09,05-Jun-11,fd,1,87,Second,60,3.32,1.59,16.7,5.56,5.56,27.82,Second,1.0
207,121,3,M,60/20/20,SF09-043,LOW,23-Oct-09,04-May-11,fd,1,83,Second,60,3.32,1.59,16.7,5.56,5.56,27.82,Second,1.0
208,122,1,F,60/20/20,SF09-043,LOW,23-Oct-09,14-Feb-11,fd,1,71,Second,60,2.8,1.34,14.09,4.69,4.69,23.47,Second,1.0
209,122,3,F,60/20/20,SF09-043,LOW,23-Oct-09,15-May-11,fd,1,84,Second,60,2.8,1.34,14.09,4.69,4.69,23.47,Second,1.0
210,125,1,M,33/47/20,SF09-052,LOW,23-Oct-09,11-Oct-11,fd,1,106,Second,33,4.07,1.91,11.25,16.34,6.81,34.4,Second,1.0
211,125,3,M,33/47/20,SF09-052,LOW,23-Oct-09,07-Nov-11,fd,1,109,Second,33,4.07,1.91,11.25,16.34,6.81,34.4,Second,1.0
212,126,1,F,33/47/20,SF09-052,LOW,23-Oct-09,05-Dec-11,fd,1,113,Second,33,3.45,1.62,9.55,13.87,5.78,29.19,Second,1.0
213,126,3,F,33/47/20,SF09-052,LOW,23-Oct-09,02-May-12,fd,1,135,Second,33,3.45,1.62,9.55,13.87,5.78,29.19,Second,1.0
214,127,1,M,33/20/47,SF09-055,LOW,23-Oct-09,15-May-11,fd,1,84,Second,33,3.38,1.89,9.35,5.66,13.58,28.58,Second,1.0
215,128,1,F,33/20/47,SF09-055,LOW,23-Oct-09,02-Jun-11,fd,1,87,Second,33,3.56,1.99,9.84,5.95,14.29,30.08,Second,1.0
216,128,3,F,33/20/47,SF09-055,LOW,23-Oct-09,23-Jun-11,fd,1,90,Second,33,3.56,1.99,9.84,5.95,14.29,30.08,Second,1.0
217,129,1,M,14/29/57,SF09-061,LOW,10-Nov-09,30-Jun-11,fd,1,88,Second,14,3.66,2.2,4.3,8.89,17.47,30.66,Second,1.0
218,129,3,M,14/29/57,SF09-061,LOW,10-Nov-09,17-Apr-11,cann,1,78,Second,14,3.66,2.2,4.3,8.89,17.47,30.66,Second,1.0
219,130,1,F,14/29/57,SF09-061,LOW,10-Nov-09,17-Oct-11,fd,1,104,Second,14,,,,,,,,
220,130,2,F,14/29/57,SF09-061,LOW,10-Nov-09,10-Nov-09,fd,1,3,Second,14,,,,,,,,
221,130,3,F,14/29/57,SF09-061,LOW,10-Nov-09,22-Sep-11,fd,1,100,Second,14,,,,,,,,
222,131,1,M,14/57/29,SF09-064,LOW,10-Nov-09,01-Jul-10,RP,1,36,Second,14,,,,,,,,
223,131,2,M,14/57/29,SF09-064,LOW,10-Nov-09,18-Jul-11,cann,1,91,Second,14,,,,,,,,
224,131,3,M,14/57/29,SF09-064,LOW,10-Nov-09,15-Nov-11,fd,1,108,Second,14,,,,,,,,
225,132,1,F,14/57/29,SF09-064,LOW,10-Nov-09,19-Sep-11,fd,1,100,Second,14,3.37,1.72,3.95,16.06,8.17,28.18,Second,1.0
226,132,3,F,14/57/29,SF09-064,LOW,10-Nov-09,09-Sep-11,fd,1,98,Second,14,3.37,1.72,3.95,16.06,8.17,28.18,Second,1.0
227,133,1,M,42/29/29,SF09-067,LOW,10-Nov-09,08-Jun-11,fd,1,85,Second,42,3.69,1.88,12.98,8.95,8.95,30.87,Second,1.0
228,133,3,M,42/29/29,SF09-067,LOW,10-Nov-09,06-Aug-11,fd,1,94,Second,42,3.69,1.88,12.98,8.95,8.95,30.87,Second,1.0
229,134,1,F,42/29/29,SF09-067,LOW,10-Nov-09,15-Aug-11,fd,1,95,Second,42,3.47,1.77,12.22,8.42,8.42,29.07,Second,1.0
230,134,3,F,42/29/29,SF09-067,LOW,10-Nov-09,13-Jun-11,fd,1,86,Second,42,3.47,1.77,12.22,8.42,8.42,29.07,Second,1.0
231,135,1,M,23/38/38,SF09-070,LOW,10-Nov-09,30-May-11,cann,1,84,Second,23,4.37,2.36,8.42,13.89,13.89,36.21,Second,1.0
232,135,3,M,23/38/38,SF09-070,LOW,10-Nov-09,23-Jul-11,fd,1,92,Second,23,4.37,2.36,8.42,13.89,13.89,36.21,Second,1.0
233,136,1,F,23/38/38,SF09-070,LOW,10-Nov-09,31-Aug-11,cann,1,97,Second,23,,,,,,,,
234,136,3,F,23/38/38,SF09-070,LOW,10-Nov-09,06-Aug-11,cann,1,94,Second,23,,,,,,,,
235,137,1,M,60/20/20,SF09-044,MED,10-Nov-09,04-Dec-11,fd,1,111,Second,60,3.05,0.7,23.0,7.65,7.65,38.31,Second,2.0
236,137,3,M,60/20/20,SF09-044,MED,10-Nov-09,15-Nov-11,fd,1,108,Second,60,3.05,0.7,23.0,7.65,7.65,38.31,Second,2.0
237,138,1,F,60/20/20,SF09-044,MED,10-Nov-09,2011-10-29,missing in box,1,106,Second,60,2.3,0.53,17.34,5.77,5.77,28.88,Second,2.0
238,138,3,F,60/20/20,SF09-044,MED,10-Nov-09,28-Nov-11,fd,1,110,Second,60,2.3,0.53,17.34,5.77,5.77,28.88,Second,2.0
239,139,1,M,5/75/20,SF09-047,MED,10-Nov-09,2012-12-05,fd,1,163,Second,5,3.02,0.72,1.9,28.41,7.58,37.89,Second,2.0
240,139,3,M,5/75/20,SF09-047,MED,10-Nov-09,01-Jan-12,fd,1,115,Second,5,3.02,0.72,1.9,28.41,7.58,37.89,Second,2.0
241,140,1,F,5/75/20,SF09-047,MED,10-Nov-09,20-Feb-12,fd,1,122,Second,5,3.14,0.75,1.98,29.6,7.89,39.47,Second,2.0
242,140,3,F,5/75/20,SF09-047,MED,10-Nov-09,29-Nov-11,fd,1,110,Second,5,3.14,0.75,1.98,29.6,7.89,39.47,Second,2.0
243,141,1,M,33/47/20,SF09-053,MED,10-Nov-09,10-May-12,fd,1,133,Second,33,2.84,0.65,11.78,17.1,7.12,36.0,Second,2.0
244,141,3,M,33/47/20,SF09-053,MED,10-Nov-09,23-Apr-12,fd,1,131,Second,33,2.84,0.65,11.78,17.1,7.12,36.0,Second,2.0
245,142,1,F,33/47/20,SF09-053,MED,10-Nov-09,26-Dec-11,fd,1,114,Second,33,2.54,0.58,10.54,15.3,6.38,32.22,Second,2.0
246,142,3,F,33/47/20,SF09-053,MED,10-Nov-09,06-Dec-11,fd,1,111,Second,33,2.54,0.58,10.54,15.3,6.38,32.22,Second,2.0
247,143,1,M,33/20/47,SF09-056,MED,10-Nov-09,08-Aug-11,fd,1,94,Second,33,3.19,1.18,13.26,8.02,19.25,40.52,Second,2.0
248,143,3,M,33/20/47,SF09-056,MED,10-Nov-09,12-Jun-11,fd,1,86,Second,33,3.19,1.18,13.26,8.02,19.25,40.52,Second,2.0
249,144,1,F,33/20/47,SF09-056,MED,10-Nov-09,28-Aug-11,fd,1,97,Second,33,2.79,1.03,11.57,7.0,16.8,35.37,Second,2.0
250,144,3,F,33/20/47,SF09-056,MED,10-Nov-09,18-Jul-11,fd,1,91,Second,33,2.79,1.03,11.57,7.0,16.8,35.37,Second,2.0
251,147,1,M,14/29/57,SF09-062,MED,10-Nov-09,2012-09-20,fd,1,152,Second,14,3.87,1.62,6.81,14.08,27.67,48.55,Second,2.0
252,147,3,M,14/29/57,SF09-062,MED,10-Nov-09,24-Dec-11,fd,1,114,Second,14,3.87,1.62,6.81,14.08,27.67,48.55,Second,2.0
253,148,1,F,14/29/57,SF09-062,MED,10-Nov-09,21-Feb-10,fd,1,18,Second,14,,,,,,,,
254,148,2,F,14/29/57,SF09-062,MED,10-Nov-09,22-Dec-11,fd,1,113,Second,14,,,,,,,,
255,148,3,F,14/29/57,SF09-062,MED,10-Nov-09,26-Aug-11,fd,1,96,Second,14,,,,,,,,
256,149,1,M,14/57/29,SF09-065,MED,10-Nov-09,02-Jun-11,fd,1,84,Second,14,3.23,0.9,5.69,23.11,11.76,40.56,Second,2.0
257,149,3,M,14/57/29,SF09-065,MED,10-Nov-09,28-Apr-12,fd,1,132,Second,14,3.23,0.9,5.69,23.11,11.76,40.56,Second,2.0
258,150,1,F,14/57/29,SF09-065,MED,10-Nov-09,28-Apr-12,fd,1,132,Second,14,2.66,0.74,4.68,19.03,9.68,33.38,Second,2.0
259,150,3,F,14/57/29,SF09-065,MED,10-Nov-09,04-Jul-11,fd,1,89,Second,14,2.66,0.74,4.68,19.03,9.68,33.38,Second,2.0
260,151,1,M,42/29/29,SF09-068,MED,10-Nov-09,08-Aug-11,fd,1,94,Second,42,2.97,0.83,15.7,10.82,10.82,37.34,Second,2.0
261,151,3,M,42/29/29,SF09-068,MED,10-Nov-09,2012-07-19,fd,1,143,Second,42,2.97,0.83,15.7,10.82,10.82,37.34,Second,2.0
262,152,1,F,42/29/29,SF09-068,MED,10-Nov-09,30-Jan-12,fd,1,119,Second,42,2.55,0.71,13.48,9.29,9.29,32.06,Second,2.0
263,152,3,F,42/29/29,SF09-068,MED,10-Nov-09,24-Dec-11,fd,1,114,Second,42,2.55,0.71,13.48,9.29,9.29,32.06,Second,2.0
264,153,1,M,23/38/38,SF09-071,MED,10-Nov-09,05-Mar-12,fd,1,124,Second,23,2.81,0.93,8.13,13.42,13.42,34.97,Second,2.0
265,153,3,M,23/38/38,SF09-071,MED,10-Nov-09,26-Jun-12,fd,1,140,Second,23,2.81,0.93,8.13,13.42,13.42,34.97,Second,2.0
266,154,1,F,23/38/38,SF09-071,MED,10-Nov-09,15-Mar-12,fd,1,125,Second,23,,,,,,,,
267,154,2,F,23/38/38,SF09-071,MED,10-Nov-09,04-Oct-11,fd,1,102,Second,23,,,,,,,,
268,155,1,M,60/20/20,SF09-045,HIGH,10-Nov-09,22-Aug-11,fd,1,96,Second,60,2.56,0.0,25.77,8.58,8.58,42.92,Second,3.0
269,155,3,M,60/20/20,SF09-045,HIGH,10-Nov-09,19-Nov-11,fd,1,109,Second,60,2.56,0.0,25.77,8.58,8.58,42.92,Second,3.0
270,156,1,F,60/20/20,SF09-045,HIGH,10-Nov-09,24-Oct-11,fd,1,105,Second,60,,,,,,,,
271,156,2,F,60/20/20,SF09-045,HIGH,10-Nov-09,31-Dec-09,fd,1,10,Second,60,,,,,,,,
272,156,3,F,60/20/20,SF09-045,HIGH,10-Nov-09,20-Jun-11,fd,1,87,Second,60,,,,,,,,
273,157,1,M,5/75/20,SF09-048,HIGH,10-Nov-09,2012-10-25,fd,1,157,Second,5,,,,,,,,
274,157,2,M,5/75/20,SF09-048,HIGH,10-Nov-09,2012-08-04,fd,1,146,Second,5,,,,,,,,
275,158,1,F,5/75/20,SF09-048,HIGH,10-Nov-09,02-Apr-12,fd,1,128,Second,5,,,,,,,,
276,158,2,F,5/75/20,SF09-048,HIGH,10-Nov-09,30-Jul-11,fd,1,93,Second,5,,,,,,,,
277,158,3,F,5/75/20,SF09-048,HIGH,10-Nov-09,07-Dec-09,FD,1,7,Second,5,,,,,,,,
278,159,1,M,5/20/75,SF09-051,HIGH,20-Nov-09,2012-09-18,fd,1,151,Second,5,,,,,,,,
279,159,2,M,5/20/75,SF09-051,HIGH,20-Nov-09,17-May-10,rp,1,28,Second,5,,,,,,,,
280,159,3,M,5/20/75,SF09-051,HIGH,20-Nov-09,2012-11-08,fd,1,158,Second,5,,,,,,,,
281,160,1,F,5/20/75,SF09-051,HIGH,20-Nov-09,05-Dec-11,fd,1,109,Second,5,,,,,,,,
282,160,2,F,5/20/75,SF09-051,HIGH,20-Nov-09,17-Dec-09,fd,1,7,Second,5,,,,,,,,
283,160,3,F,5/20/75,SF09-051,HIGH,20-Nov-09,08-Feb-10,fd,1,14,Second,5,,,,,,,,
284,161,1,M,33/47/20,SF09-054,HIGH,20-Nov-09,14-Apr-12,fd,1,128,Second,33,2.83,0.0,15.67,22.76,9.48,47.91,Second,3.0
285,161,3,M,33/47/20,SF09-054,HIGH,20-Nov-09,30-Aug-11,fd,1,96,Second,33,2.83,0.0,15.67,22.76,9.48,47.91,Second,3.0
286,162,1,F,33/47/20,SF09-054,HIGH,20-Nov-09,15-May-11,fd,1,80,Second,33,2.13,0.0,11.8,17.13,7.14,36.07,Second,3.0
287,162,3,F,33/47/20,SF09-054,HIGH,20-Nov-09,28-Aug-11,fd,1,95,Second,33,2.13,0.0,11.8,17.13,7.14,36.07,Second,3.0
288,163,1,M,33/20/47,SF09-057,HIGH,20-Nov-09,09-Jan-12,fd,1,114,Second,33,2.55,0.43,14.13,8.55,20.52,43.21,Second,3.0
289,163,3,M,33/20/47,SF09-057,HIGH,20-Nov-09,16-Apr-12,fd,1,128,Second,33,2.55,0.43,14.13,8.55,20.52,43.21,Second,3.0
290,164,1,F,33/20/47,SF09-057,HIGH,20-Nov-09,29-Sep-11,fd,1,100,Second,33,2.13,0.36,11.8,7.14,17.14,36.08,Second,3.0
291,164,3,F,33/20/47,SF09-057,HIGH,20-Nov-09,19-Sep-11,cann,1,98,Second,33,2.13,0.36,11.8,7.14,17.14,36.08,Second,3.0
292,165,1,M,5/48/48,SF09-060,HIGH,20-Nov-09,19-Mar-12,fd,1,124,Second,5,2.44,0.42,2.05,19.61,19.61,41.27,Second,3.0
293,165,3,M,5/48/48,SF09-060,HIGH,20-Nov-09,27-Feb-12,fd,1,121,Second,5,2.44,0.42,2.05,19.61,19.61,41.27,Second,3.0
294,166,1,F,5/48/48,SF09-060,HIGH,20-Nov-09,31-May-12,fd,1,135,Second,5,2.61,0.44,2.19,20.95,20.95,44.09,Second,3.0
295,166,3,F,5/48/48,SF09-060,HIGH,20-Nov-09,26-Mar-12,fd,1,125,Second,5,2.61,0.44,2.19,20.95,20.95,44.09,Second,3.0
296,167,1,M,14/29/57,SF09-063,HIGH,20-Nov-09,19-Nov-11,fd,1,107,Second,14,3.49,0.84,8.19,16.94,33.3,58.44,Second,3.0
297,167,3,M,14/29/57,SF09-063,HIGH,20-Nov-09,25-Nov-11,fd,1,108,Second,14,3.49,0.84,8.19,16.94,33.3,58.44,Second,3.0
298,168,1,F,14/29/57,SF09-063,HIGH,20-Nov-09,14-Sep-11,fd,1,98,Second,14,,,,,,,,
299,169,1,M,14/57/29,SF09-066,HIGH,20-Nov-09,2012-07-14,fd? Midpoint between Bwt taken,1,141,Second,14,2.85,0.14,6.68,27.16,13.81,47.65,Second,3.0
300,169,3,M,14/57/29,SF09-066,HIGH,20-Nov-09,21-May-12,fd,1,133,Second,14,2.85,0.14,6.68,27.16,13.81,47.65,Second,3.0
301,170,1,F,14/57/29,SF09-066,HIGH,20-Nov-09,25-Oct-11,fd,1,104,Second,14,2.31,0.12,5.42,22.04,11.21,38.68,Second,3.0
302,170,3,F,14/57/29,SF09-066,HIGH,20-Nov-09,08-May-12,fd,1,132,Second,14,2.31,0.12,5.42,22.04,11.21,38.68,Second,3.0
303,171,1,M,42/29/29,SF09-069,HIGH,20-Nov-09,2012-09-19,fd,1,151,Second,42,,,,,,,,
304,171,2,M,42/29/29,SF09-069,HIGH,20-Nov-09,2012-08-02,fd,1,144,Second,42,,,,,,,,
305,172,1,F,42/29/29,SF09-069,HIGH,20-Nov-09,2012-08-06,fd,1,144,Second,42,2.14,0.11,15.05,10.38,10.38,35.81,Second,3.0
306,172,3,F,42/29/29,SF09-069,HIGH,20-Nov-09,28-Jun-12,fd,1,139,Second,42,2.14,0.11,15.05,10.38,10.38,35.81,Second,3.0
307,173,1,M,23/38/38,SF09-072,HIGH,20-Nov-09,04-Jul-11,fd,1,87,Second,23,3.41,0.41,13.16,21.7,21.7,56.55,Second,3.0
308,173,3,M,23/38/38,SF09-072,HIGH,20-Nov-09,10-Nov-11,fd,1,106,Second,23,3.41,0.41,13.16,21.7,21.7,56.55,Second,3.0
309,174,1,F,23/38/38,SF09-072,HIGH,20-Nov-09,19-Sep-11,fd,1,98,Second,23,2.78,0.33,10.72,17.68,17.68,46.07,Second,3.0
310,174,3,F,23/38/38,SF09-072,HIGH,20-Nov-09,28-Jul-11,fd,1,91,Second,23,2.78,0.33,10.72,17.68,17.68,46.07,Second,3.0
311,175,1,M,60/20/20,SF09-043,LOW,20-Nov-09,05-Mar-11,fd canna,1,70,Second,60,,,,,,,,
312,175,2,M,60/20/20,SF09-043,LOW,20-Nov-09,06-Dec-10,fd,1,57,Second,60,,,,,,,,
313,175,3,M,60/20/20,SF09-043,LOW,20-Nov-09,27-Jun-11,fd,1,86,Second,60,,,,,,,,
314,176,2,F,60/20/20,SF09-043,LOW,20-Nov-09,12-Jun-11,fd,1,84,Second,60,,,,,,,,
315,176,3,F,60/20/20,SF09-043,LOW,20-Nov-09,12-Jun-11,fd,1,84,Second,60,,,,,,,,
316,179,2,M,33/47/20,SF09-052,LOW,20-Nov-09,20-May-12,fd,1,133,Second,33,,,,,,,,
317,179,3,M,33/47/20,SF09-052,LOW,20-Nov-09,15-Jan-12,fd,1,115,Second,33,,,,,,,,
318,180,1,F,33/47/20,SF09-052,LOW,20-Nov-09,17-May-12,fd,1,133,Second,33,,,,,,,,
319,180,2,F,33/47/20,SF09-052,LOW,20-Nov-09,30-Jan-12,fd,1,117,Second,33,,,,,,,,
320,180,3,F,33/47/20,SF09-052,LOW,20-Nov-09,29-May-10,fd,1,30,Second,33,,,,,,,,
321,181,1,M,33/20/47,SF09-055,LOW,20-Nov-09,30-Jan-11,fd canna,1,65,Second,33,,,,,,,,
322,181,2,M,33/20/47,SF09-055,LOW,20-Nov-09,18-Mar-11,fd,1,72,Second,33,,,,,,,,
323,181,3,M,33/20/47,SF09-055,LOW,20-Nov-09,25-Apr-11,fd,1,77,Second,33,,,,,,,,
324,182,1,F,33/20/47,SF09-055,LOW,20-Nov-09,26-Feb-11,fd canna,1,69,Second,33,3.36,1.88,9.28,5.62,13.48,28.38,Second,1.0
325,182,3,F,33/20/47,SF09-055,LOW,20-Nov-09,22-May-11,fd,1,81,Second,33,3.36,1.88,9.28,5.62,13.48,28.38,Second,1.0
326,183,1,M,14/29/57,SF09-061,LOW,20-Nov-09,16-May-11,fd,1,80,Second,14,,,,,,,,
327,183,2,M,14/29/57,SF09-061,LOW,20-Nov-09,17-May-11,fd,1,81,Second,14,,,,,,,,
328,184,1,F,14/29/57,SF09-061,LOW,20-Nov-09,06-Jun-11,fd,1,83,Second,14,3.67,2.2,4.31,8.92,17.53,30.76,Second,1.0
329,184,3,F,14/29/57,SF09-061,LOW,20-Nov-09,19-Aug-11,fd,1,94,Second,14,3.67,2.2,4.31,8.92,17.53,30.76,Second,1.0
330,185,1,M,14/57/29,SF09-064,LOW,20-Nov-09,17-Jul-11,fd,1,89,Second,14,,,,,,,,
331,185,2,M,14/57/29,SF09-064,LOW,20-Nov-09,06-Apr-10,fd,1,23,Second,14,,,,,,,,
332,185,3,M,14/57/29,SF09-064,LOW,20-Nov-09,14-Apr-12,cann,1,128,Second,14,,,,,,,,
333,186,1,F,14/57/29,SF09-064,LOW,20-Nov-09,22-Sep-11,fd,1,99,Second,14,3.77,1.93,4.43,18.0,9.16,31.6,Second,1.0
334,186,3,F,14/57/29,SF09-064,LOW,20-Nov-09,20-Sep-11,fd,1,99,Second,14,3.77,1.93,4.43,18.0,9.16,31.6,Second,1.0
335,187,1,M,42/29/29,SF09-067,LOW,20-Nov-09,17-Jul-11,cann,1,89,Second,42,4.33,2.21,15.24,10.5,10.5,36.24,Second,1.0
336,187,3,M,42/29/29,SF09-067,LOW,20-Nov-09,30-Jul-11,fd,1,91,Second,42,4.33,2.21,15.24,10.5,10.5,36.24,Second,1.0
337,188,1,F,42/29/29,SF09-067,LOW,20-Nov-09,15-Aug-11,fd,1,93,Second,42,3.92,2.0,13.8,9.51,9.51,32.83,Second,1.0
338,188,3,F,42/29/29,SF09-067,LOW,20-Nov-09,04-Apr-11,fd cage 118.2,1,74,Second,42,3.92,2.0,13.8,9.51,9.51,32.83,Second,1.0
339,189,1,M,23/38/38,SF09-070,LOW,20-Nov-09,17-Jul-11,FD,1,89,Second,23,3.87,2.09,7.45,12.29,12.29,32.03,Second,1.0
340,189,3,M,23/38/38,SF09-070,LOW,20-Nov-09,17-Jul-11,fd,1,89,Second,23,3.87,2.09,7.45,12.29,12.29,32.03,Second,1.0
341,190,3,F,23/38/38,SF09-070,LOW,20-Nov-09,17-Jul-11,fd,1,89,Second,23,3.76,2.03,7.24,11.95,11.95,31.13,Second,1.0
342,191,1,M,60/20/20,SF09-044,MED,13-May-10,14-Apr-12,fd,1,103,Third,60,3.61,0.83,27.25,9.07,9.07,45.39,Third,2.0
343,191,3,M,60/20/20,SF09-044,MED,13-May-10,05-Mar-12,fd,1,98,Third,60,3.61,0.83,27.25,9.07,9.07,45.39,Third,2.0
344,192,1,F,60/20/20,SF09-044,MED,13-May-10,19-Mar-12,fd,1,100,Third,60,2.14,0.49,16.11,5.36,5.36,26.84,Third,2.0
345,192,3,F,60/20/20,SF09-044,MED,13-May-10,28-Jun-12,fd,1,114,Third,60,2.14,0.49,16.11,5.36,5.36,26.84,Third,2.0
346,193,1,M,5/75/20,SF09-047,MED,13-May-10,30-Jan-11,fd,1,40,Third,5,,,,,,,,
347,193,2,M,5/75/20,SF09-047,MED,13-May-10,13-Jun-12,fd,1,112,Third,5,,,,,,,,
348,193,3,M,5/75/20,SF09-047,MED,13-May-10,2013-02-04,fd,1,146,Third,5,,,,,,,,
349,194,1,F,5/75/20,SF09-047,MED,13-May-10,2013-01-12,fd,1,142,Third,5,2.68,0.64,1.69,25.24,6.73,33.66,Third,2.0
350,194,3,F,5/75/20,SF09-047,MED,13-May-10,17-Jan-12,fd,1,91,Third,5,2.68,0.64,1.69,25.24,6.73,33.66,Third,2.0
351,195,1,M,33/47/20,SF09-053,MED,13-May-10,26-Sep-11,? Fd,1,75,Third,33,2.72,0.63,11.29,16.4,6.83,34.53,Third,2.0
352,195,3,M,33/47/20,SF09-053,MED,13-May-10,2013-01-25,fd,1,144,Third,33,2.72,0.63,11.29,16.4,6.83,34.53,Third,2.0
353,196,1,F,33/47/20,SF09-053,MED,13-May-10,2012-08-22,fd,1,122,Third,33,2.42,0.56,10.04,14.59,6.08,30.7,Third,2.0
354,196,3,F,33/47/20,SF09-053,MED,13-May-10,03-May-12,fd,1,106,Third,33,2.42,0.56,10.04,14.59,6.08,30.7,Third,2.0
355,197,1,M,33/20/47,SF09-056,MED,13-May-10,2012-08-24,fd,1,122,Third,33,3.09,1.14,12.81,7.75,18.6,39.16,Third,2.0
356,197,3,M,33/20/47,SF09-056,MED,13-May-10,07-May-12,fd,1,107,Third,33,3.09,1.14,12.81,7.75,18.6,39.16,Third,2.0
357,198,1,F,33/20/47,SF09-056,MED,13-May-10,20-Jun-11,cann,1,61,Third,33,,,,,,,,
358,198,2,F,33/20/47,SF09-056,MED,13-May-10,01-Jun-12,fd,1,110,Third,33,,,,,,,,
359,198,3,F,33/20/47,SF09-056,MED,13-May-10,04-Jun-12,fd,1,111,Third,33,,,,,,,,
360,199,1,M,14/29/57,SF09-062,MED,13-May-10,03-May-12,fd,1,106,Third,14,,,,,,,,
361,199,3,M,14/29/57,SF09-062,MED,13-May-10,2012-10-15,fd,1,130,Third,14,,,,,,,,
362,200,1,F,14/29/57,SF09-062,MED,13-May-10,16-Jul-12,fd,1,117,Third,14,3.81,1.6,6.71,13.88,27.28,47.87,Third,2.0
363,200,3,F,14/29/57,SF09-062,MED,13-May-10,01-Nov-11,fd,1,80,Third,14,3.81,1.6,6.71,13.88,27.28,47.87,Third,2.0
364,201,1,M,14/57/29,SF09-065,MED,13-May-10,2012-08-06,fd,1,120,Third,14,3.06,0.86,5.39,21.93,11.16,38.48,Third,2.0
365,201,3,M,14/57/29,SF09-065,MED,13-May-10,2012-07-09,fd,1,116,Third,14,3.06,0.86,5.39,21.93,11.16,38.48,Third,2.0
366,202,1,F,14/57/29,SF09-065,MED,13-May-10,25-Jun-12,fd,1,114,Third,14,2.41,0.68,4.25,17.27,8.79,30.3,Third,2.0
367,202,3,F,14/57/29,SF09-065,MED,13-May-10,2012-09-20,fd,1,126,Third,14,2.41,0.68,4.25,17.27,8.79,30.3,Third,2.0
368,203,1,M,42/29/29,SF09-068,MED,13-May-10,2012-10-22,fd,1,131,Third,42,2.49,0.7,13.17,9.08,9.08,31.33,Third,2.0
369,203,3,M,42/29/29,SF09-068,MED,13-May-10,16-Jul-12,fd,1,117,Third,42,2.49,0.7,13.17,9.08,9.08,31.33,Third,2.0
370,204,1,F,42/29/29,SF09-068,MED,13-May-10,2013-01-12,fd,1,142,Third,42,2.31,0.65,12.21,8.42,8.42,29.05,Third,2.0
371,204,3,F,42/29/29,SF09-068,MED,13-May-10,2012-07-26,fd,1,118,Third,42,2.31,0.65,12.21,8.42,8.42,29.05,Third,2.0
372,205,1,M,23/38/38,SF09-071,MED,13-May-10,2012-08-16,fd,1,121,Third,23,2.91,0.96,8.42,13.88,13.88,36.18,Third,2.0
373,205,3,M,23/38/38,SF09-071,MED,13-May-10,17-Mar-12,fd,1,99,Third,23,2.91,0.96,8.42,13.88,13.88,36.18,Third,2.0
374,206,1,F,23/38/38,SF09-071,MED,13-May-10,2012-10-15,fd,1,130,Third,23,2.76,0.91,7.99,13.18,13.18,34.36,Third,2.0
375,206,3,F,23/38/38,SF09-071,MED,13-May-10,2012-10-15,fd,1,130,Third,23,2.76,0.91,7.99,13.18,13.18,34.36,Third,2.0
376,207,1,M,60/20/20,SF09-045,HIGH,13-May-10,2012-07-30,fd,1,119,Third,60,2.16,0.0,21.71,7.22,7.22,36.16,Third,3.0
377,207,3,M,60/20/20,SF09-045,HIGH,13-May-10,23-Sep-11,fd,1,74,Third,60,2.16,0.0,21.71,7.22,7.22,36.16,Third,3.0
378,208,1,F,60/20/20,SF09-045,HIGH,13-May-10,02-May-12,fd,1,106,Third,60,2.22,0.0,22.28,7.41,7.41,37.11,Third,3.0
379,208,3,F,60/20/20,SF09-045,HIGH,13-May-10,20-Oct-11,fd,1,78,Third,60,2.22,0.0,22.28,7.41,7.41,37.11,Third,3.0
380,209,1,M,5/75/20,SF09-048,HIGH,13-May-10,2012-07-30,fd,1,119,Third,5,2.38,0.0,1.99,29.82,7.95,39.77,Third,3.0
381,209,3,M,5/75/20,SF09-048,HIGH,13-May-10,2012-10-14,fd,1,129,Third,5,2.38,0.0,1.99,29.82,7.95,39.77,Third,3.0
382,210,1,F,5/75/20,SF09-048,HIGH,13-May-10,2012-10-15,fd,1,130,Third,5,,,,,,,,
383,210,2,F,5/75/20,SF09-048,HIGH,13-May-10,25-May-12,fd,1,109,Third,5,,,,,,,,
384,211,1,M,5/20/75,SF09-051,HIGH,13-May-10,13-Jul-12,fd,1,116,Third,5,,,,,,,,
385,211,2,M,5/20/75,SF09-051,HIGH,13-May-10,14-Jun-10,canna,1,8,Third,5,,,,,,,,
386,211,3,M,5/20/75,SF09-051,HIGH,13-May-10,13-Jul-12,fd,1,116,Third,5,,,,,,,,
387,212,1,F,5/20/75,SF09-051,HIGH,13-May-10,13-Sep-10,fd canna,1,21,Third,5,,,,,,,,
388,212,2,F,5/20/75,SF09-051,HIGH,13-May-10,20-May-10,fd,1,4,Third,5,,,,,,,,
389,212,3,F,5/20/75,SF09-051,HIGH,13-May-10,2013-01-08,fd,1,142,Third,5,,,,,,,,
390,213,1,M,33/47/20,SF09-054,HIGH,13-May-10,2013-01-07,fd,1,142,Third,33,1.96,0.0,10.84,15.74,6.56,33.13,Third,3.0
391,213,3,M,33/47/20,SF09-054,HIGH,13-May-10,2012-07-27,fd,1,118,Third,33,1.96,0.0,10.84,15.74,6.56,33.13,Third,3.0
392,214,1,F,33/47/20,SF09-054,HIGH,13-May-10,07-Nov-11,fd,1,81,Third,33,1.92,0.0,10.64,15.45,6.44,32.54,Third,3.0
393,214,3,F,33/47/20,SF09-054,HIGH,13-May-10,02-Feb-12,fd,1,93,Third,33,1.92,0.0,10.64,15.45,6.44,32.54,Third,3.0
394,215,1,M,33/20/47,SF09-057,HIGH,13-May-10,02-Mar-12,fd,1,97,Third,33,2.62,0.45,14.52,8.78,21.08,44.39,Third,3.0
395,215,3,M,33/20/47,SF09-057,HIGH,13-May-10,02-Apr-12,fd,1,102,Third,33,2.62,0.45,14.52,8.78,21.08,44.39,Third,3.0
396,216,1,F,33/20/47,SF09-057,HIGH,13-May-10,22-Nov-11,fd,1,83,Third,33,2.17,0.37,11.98,7.25,17.4,36.63,Third,3.0
397,216,3,F,33/20/47,SF09-057,HIGH,13-May-10,19-Sep-11,cann,1,74,Third,33,2.17,0.37,11.98,7.25,17.4,36.63,Third,3.0
398,217,1,M,5/48/48,SF09-060,HIGH,13-May-10,30-Jan-12,fd,1,93,Third,5,2.57,0.44,2.15,20.65,20.65,43.46,Third,3.0
399,217,3,M,5/48/48,SF09-060,HIGH,13-May-10,13-Jul-12,fd,1,116,Third,5,2.57,0.44,2.15,20.65,20.65,43.46,Third,3.0
400,218,1,F,5/48/48,SF09-060,HIGH,13-May-10,30-Jan-12,fd,1,93,Third,5,2.69,0.46,2.26,21.65,21.65,45.55,Third,3.0
401,218,3,F,5/48/48,SF09-060,HIGH,13-May-10,2013-02-04,fd,1,146,Third,5,2.69,0.46,2.26,21.65,21.65,45.55,Third,3.0
402,219,1,M,14/29/57,SF09-063,HIGH,20-May-10,13-Apr-12,fd,1,102,Third,14,2.78,0.67,6.53,13.51,26.56,46.6,Third,3.0
403,219,3,M,14/29/57,SF09-063,HIGH,20-May-10,2013-01-07,fd,1,141,Third,14,2.78,0.67,6.53,13.51,26.56,46.6,Third,3.0
404,220,1,F,14/29/57,SF09-063,HIGH,13-May-10,2012-07-19,fd,1,117,Third,14,2.92,0.7,6.85,14.16,27.84,48.85,Third,3.0
405,220,3,F,14/29/57,SF09-063,HIGH,13-May-10,21-May-12,fd,1,109,Third,14,2.92,0.7,6.85,14.16,27.84,48.85,Third,3.0
406,221,1,M,14/57/29,SF09-066,HIGH,20-May-10,20-Feb-12,fd,1,95,Third,14,2.45,0.12,5.75,23.36,11.88,40.99,Third,3.0
407,221,3,M,14/57/29,SF09-066,HIGH,20-May-10,16-Jul-12,fd,1,116,Third,14,2.45,0.12,5.75,23.36,11.88,40.99,Third,3.0
408,222,1,F,14/57/29,SF09-066,HIGH,13-May-10,2012-10-14,fd,1,129,Third,14,2.0,0.1,4.68,19.04,9.69,33.42,Third,3.0
409,222,3,F,14/57/29,SF09-066,HIGH,13-May-10,2012-08-06,fd,1,120,Third,14,2.0,0.1,4.68,19.04,9.69,33.42,Third,3.0
410,223,1,M,42/29/29,SF09-069,HIGH,20-May-10,2012-10-29,fd,1,131,Third,42,2.25,0.11,15.85,10.92,10.92,37.69,Third,3.0
411,223,3,M,42/29/29,SF09-069,HIGH,20-May-10,2012-10-23,fd,1,130,Third,42,2.25,0.11,15.85,10.92,10.92,37.69,Third,3.0
412,224,1,F,42/29/29,SF09-069,HIGH,20-May-10,31-Oct-11,fd,1,79,Third,42,1.81,0.09,12.75,8.79,8.79,30.32,Third,3.0
413,224,3,F,42/29/29,SF09-069,HIGH,20-May-10,29-Oct-11,fd,1,78,Third,42,1.81,0.09,12.75,8.79,8.79,30.32,Third,3.0
414,225,1,M,23/38/38,SF09-072,HIGH,20-May-10,04-Dec-11,fd,1,83,Third,23,2.49,0.3,9.58,15.81,15.81,41.19,Third,3.0
415,225,3,M,23/38/38,SF09-072,HIGH,20-May-10,29-Aug-11,FD,1,70,Third,23,2.49,0.3,9.58,15.81,15.81,41.19,Third,3.0
416,226,1,F,23/38/38,SF09-072,HIGH,20-May-10,19-Aug-11,cann,1,68,Third,23,1.93,0.23,7.46,12.31,12.31,32.07,Third,3.0
417,226,3,F,23/38/38,SF09-072,HIGH,20-May-10,09-Dec-11,fd,1,84,Third,23,1.93,0.23,7.46,12.31,12.31,32.07,Third,3.0
418,227,1,M,60/20/20,SF09-043,LOW,20-May-10,12-Jun-11,cann,1,58,Third,60,,,,,,,,
419,227,2,M,60/20/20,SF09-043,LOW,20-May-10,15-Jul-11,fd,1,63,Third,60,,,,,,,,
420,227,3,M,60/20/20,SF09-043,LOW,20-May-10,14-Jul-11,cann,1,63,Third,60,,,,,,,,
421,228,1,F,60/20/20,SF09-043,LOW,20-May-10,27-Jun-11,fd,1,61,Third,60,,,,,,,,
422,228,2,F,60/20/20,SF09-043,LOW,20-May-10,19-May-11,cann,1,55,Third,60,,,,,,,,
423,228,3,F,60/20/20,SF09-043,LOW,20-May-10,2011-05-27,fd canna,1,56,Third,60,,,,,,,,
424,229,1,M,33/47/20,SF09-052,LOW,20-May-10,07-Nov-11,fd,1,80,Third,33,3.65,1.72,10.1,14.67,6.11,30.89,Third,1.0
425,229,3,M,33/47/20,SF09-052,LOW,20-May-10,2012-08-06,fd,1,119,Third,33,3.65,1.72,10.1,14.67,6.11,30.89,Third,1.0
426,230,1,F,33/47/20,SF09-052,LOW,20-May-10,30-Jan-12,fd,1,92,Third,33,3.23,1.52,8.93,12.97,5.4,27.3,Third,1.0
427,230,3,F,33/47/20,SF09-052,LOW,20-May-10,2012-08-06,fd,1,119,Third,33,3.23,1.52,8.93,12.97,5.4,27.3,Third,1.0
428,231,1,M,33/20/47,SF09-055,LOW,20-May-10,15-May-11,fd,1,54,Third,33,,,,,,,,
429,231,2,M,33/20/47,SF09-055,LOW,20-May-10,15-May-11,fd,1,54,Third,33,,,,,,,,
430,232,1,F,33/20/47,SF09-055,LOW,20-May-10,14-Mar-11,fd,1,46,Third,33,,,,,,,,
431,232,2,F,33/20/47,SF09-055,LOW,20-May-10,2012-12-06,fd,1,136,Third,33,,,,,,,,
432,232,3,F,33/20/47,SF09-055,LOW,20-May-10,14-Mar-11,fd,1,46,Third,33,,,,,,,,
433,233,1,M,14/29/57,SF09-061,LOW,20-May-10,05-Mar-12,fd,1,97,Third,14,,,,,,,,
434,233,2,M,14/29/57,SF09-061,LOW,20-May-10,09-Feb-11,fd,1,41,Third,14,,,,,,,,
435,233,3,M,14/29/57,SF09-061,LOW,20-May-10,03-May-11,fd,1,53,Third,14,,,,,,,,
436,234,1,F,14/29/57,SF09-061,LOW,20-May-10,22-Sep-11,fd,1,73,Third,14,2.89,1.73,3.39,7.02,13.79,24.2,Third,1.0
437,234,3,F,14/29/57,SF09-061,LOW,20-May-10,2012-08-27,fd,1,122,Third,14,2.89,1.73,3.39,7.02,13.79,24.2,Third,1.0
438,235,1,M,14/57/29,SF09-064,LOW,20-May-10,26-Aug-11,fd,1,69,Third,14,3.54,1.8,4.15,16.88,8.59,29.62,Third,1.0
439,235,3,M,14/57/29,SF09-064,LOW,20-May-10,02-Sep-11,fd,1,70,Third,14,3.54,1.8,4.15,16.88,8.59,29.62,Third,1.0
440,236,1,F,14/57/29,SF09-064,LOW,20-May-10,21-Jan-12,fd,1,90,Third,14,3.19,1.63,3.75,15.22,7.74,26.71,Third,1.0
441,236,3,F,14/57/29,SF09-064,LOW,20-May-10,28-May-12,fd,1,109,Third,14,3.19,1.63,3.75,15.22,7.74,26.71,Third,1.0
442,237,1,M,42/29/29,SF09-067,LOW,20-May-10,19-Sep-11,fd,1,73,Third,42,,,,,,,,
443,237,2,M,42/29/29,SF09-067,LOW,20-May-10,15-Aug-11,cann,1,68,Third,42,,,,,,,,
444,237,3,M,42/29/29,SF09-067,LOW,20-May-10,09-May-11,canna,1,54,Third,42,,,,,,,,
445,238,1,F,42/29/29,SF09-067,LOW,20-May-10,30-Jul-11,cann,1,65,Third,42,2.99,1.52,10.51,7.25,7.25,25.0,Third,1.0
446,238,3,F,42/29/29,SF09-067,LOW,20-May-10,30-Aug-11,fd,1,70,Third,42,2.99,1.52,10.51,7.25,7.25,25.0,Third,1.0
447,239,1,M,23/38/38,SF09-070,LOW,20-May-10,02-Jul-11,fd,1,61,Third,23,,,,,,,,
448,239,2,M,23/38/38,SF09-070,LOW,20-May-10,02-Jul-11,fd,1,61,Third,23,,,,,,,,
449,239,3,M,23/38/38,SF09-070,LOW,20-May-10,06-Aug-11,fd,1,66,Third,23,,,,,,,,
450,240,1,F,23/38/38,SF09-070,LOW,20-May-10,23-May-11,cann,1,56,Third,23,,,,,,,,
451,240,2,F,23/38/38,SF09-070,LOW,20-May-10,23-Jun-11,cann,1,60,Third,23,,,,,,,,
452,240,3,F,23/38/38,SF09-070,LOW,20-May-10,01-Aug-11,fd,1,66,Third,23,,,,,,,,
453,241,1,M,60/20/20,SF09-044,MED,20-May-10,22-Nov-11,fd,1,82,Third,60,,,,,,,,
454,241,2,M,60/20/20,SF09-044,MED,20-May-10,02-Dec-10,fd,1,31,Third,60,,,,,,,,
455,241,3,M,60/20/20,SF09-044,MED,20-May-10,29-Feb-12,fd,1,96,Third,60,,,,,,,,
456,242,1,F,60/20/20,SF09-044,MED,20-May-10,08-Dec-10,FD,1,32,Third,60,,,,,,,,
457,242,2,F,60/20/20,SF09-044,MED,20-May-10,2012-07-27,fd,1,117,Third,60,,,,,,,,
458,242,3,F,60/20/20,SF09-044,MED,20-May-10,2012-10-12,fd,1,128,Third,60,,,,,,,,
459,243,1,M,5/75/20,SF09-047,MED,20-May-10,2012-11-08,fd,1,132,Third,5,2.96,0.71,1.86,27.85,7.42,37.13,Third,2.0
460,243,3,M,5/75/20,SF09-047,MED,20-May-10,2012-12-13,fd,1,137,Third,5,2.96,0.71,1.86,27.85,7.42,37.13,Third,2.0
461,244,1,F,5/75/20,SF09-047,MED,20-May-10,06-Feb-12,fd,1,93,Third,5,2.69,0.65,1.69,25.31,6.75,33.75,Third,2.0
462,244,3,F,5/75/20,SF09-047,MED,20-May-10,2012-07-19,fd,1,116,Third,5,2.69,0.65,1.69,25.31,6.75,33.75,Third,2.0
463,245,1,M,33/47/20,SF09-053,MED,20-May-10,2013-01-26,fd,1,143,Third,33,,,,,,,,
464,245,2,M,33/47/20,SF09-053,MED,20-May-10,27-Feb-12,fd,1,96,Third,33,,,,,,,,
465,245,3,M,33/47/20,SF09-053,MED,20-May-10,07-Jul-11,fd,1,62,Third,33,,,,,,,,
466,246,1,F,33/47/20,SF09-053,MED,20-May-10,26-Apr-12,fd,1,104,Third,33,2.49,0.57,10.33,15.0,6.25,31.57,Third,2.0
467,246,3,F,33/47/20,SF09-053,MED,20-May-10,2012-11-19,fd,1,134,Third,33,2.49,0.57,10.33,15.0,6.25,31.57,Third,2.0
468,247,1,M,33/20/47,SF09-056,MED,27-May-10,2012-11-12,fd,1,132,Third,33,2.9,1.07,12.01,7.27,17.45,36.73,Third,2.0
469,247,3,M,33/20/47,SF09-056,MED,27-May-10,2012-11-14,fd,1,132,Third,33,2.9,1.07,12.01,7.27,17.45,36.73,Third,2.0
470,248,1,F,33/20/47,SF09-056,MED,20-May-10,20-May-12,fd,1,107,Third,33,2.74,1.01,11.35,6.87,16.48,34.69,Third,2.0
471,248,3,F,33/20/47,SF09-056,MED,20-May-10,15-Sep-11,cann,1,72,Third,33,2.74,1.01,11.35,6.87,16.48,34.69,Third,2.0
472,249,1,M,14/29/57,SF09-062,MED,27-May-10,2013-01-26,fd,1,142,Third,14,,,,,,,,
473,249,2,M,14/29/57,SF09-062,MED,27-May-10,18-Jun-11,cann,1,58,Third,14,,,,,,,,
474,249,3,M,14/29/57,SF09-062,MED,27-May-10,2013-01-27,fd,1,142,Third,14,,,,,,,,
475,250,1,F,14/29/57,SF09-062,MED,20-May-10,09-Dec-11,fd,1,84,Third,14,3.4,1.43,5.99,12.38,24.34,42.72,Third,2.0
476,250,3,F,14/29/57,SF09-062,MED,20-May-10,09-Dec-11,fd,1,84,Third,14,3.4,1.43,5.99,12.38,24.34,42.72,Third,2.0
477,251,1,M,14/57/29,SF09-065,MED,27-May-10,2013-02-23,fd,1,146,Third,14,,,,,,,,
478,251,2,M,14/57/29,SF09-065,MED,27-May-10,21-Jun-12,fd,1,111,Third,14,,,,,,,,
479,252,1,F,14/57/29,SF09-065,MED,27-May-10,2012-10-24,fd canna,1,129,Third,14,2.61,0.73,4.6,18.7,9.51,32.81,Third,2.0
480,252,3,F,14/57/29,SF09-065,MED,27-May-10,2012-12-03,fd,1,135,Third,14,2.61,0.73,4.6,18.7,9.51,32.81,Third,2.0
481,253,1,F,42/29/29,SF09-068,MED,27-May-10,2012-10-14,fd,1,127,Third,42,,,,,,,,
482,253,2,F,42/29/29,SF09-068,MED,27-May-10,2013-01-27,fd,1,142,Third,42,,,,,,,,
483,253,3,F,42/29/29,SF09-068,MED,27-May-10,2013-01-10,fd,1,140,Third,42,,,,,,,,
484,254,1,M,42/29/29,SF09-068,MED,27-May-10,2012-08-22,fd,1,120,Third,42,2.71,0.76,14.33,9.88,9.88,34.09,Third,2.0
485,254,3,M,42/29/29,SF09-068,MED,27-May-10,2012-08-22,fd,1,120,Third,42,2.71,0.76,14.33,9.88,9.88,34.09,Third,2.0
486,255,1,M,23/38/38,SF09-071,MED,27-May-10,2012-10-30,fd,1,130,Third,23,,,,,,,,
487,255,2,M,23/38/38,SF09-071,MED,27-May-10,2012-08-06,fd,1,118,Third,23,,,,,,,,
488,256,1,F,23/38/38,SF09-071,MED,27-May-10,2013-01-12,fd,1,140,Third,23,2.5,0.82,7.23,11.92,11.92,31.06,Third,2.0
489,256,3,F,23/38/38,SF09-071,MED,27-May-10,12-Jun-12,fd,1,110,Third,23,2.5,0.82,7.23,11.92,11.92,31.06,Third,2.0
490,257,1,M,60/20/20,SF09-045,HIGH,27-May-10,14-Jun-10,fd,1,6,Third,60,,,,,,,,
491,257,2,M,60/20/20,SF09-045,HIGH,27-May-10,2012-08-22,fd,1,120,Third,60,,,,,,,,
492,257,3,M,60/20/20,SF09-045,HIGH,27-May-10,2012-10-08,fd,1,127,Third,60,,,,,,,,
493,258,1,F,60/20/20,SF09-045,HIGH,27-May-10,26-Dec-11,fd,1,86,Third,60,1.81,0.0,18.24,6.07,6.07,30.38,Third,3.0
494,258,3,F,60/20/20,SF09-045,HIGH,27-May-10,06-Jan-12,fd,1,87,Third,60,1.81,0.0,18.24,6.07,6.07,30.38,Third,3.0
495,259,1,M,5/75/20,SF09-048,HIGH,27-May-10,2013-02-23,fd,1,146,Third,5,2.29,0.0,1.92,28.8,7.68,38.41,Third,3.0
496,259,3,M,5/75/20,SF09-048,HIGH,27-May-10,2013-01-25,fd; midway taken,1,142,Third,5,2.29,0.0,1.92,28.8,7.68,38.41,Third,3.0
497,260,1,F,5/75/20,SF09-048,HIGH,27-May-10,18-Apr-12,fd,1,102,Third,5,1.83,0.0,1.53,22.91,6.11,30.55,Third,3.0
498,260,3,F,5/75/20,SF09-048,HIGH,27-May-10,2012-10-12,fd,1,127,Third,5,1.83,0.0,1.53,22.91,6.11,30.55,Third,3.0
499,261,1,M,5/20/75,SF09-051,HIGH,27-May-10,2012-12-27,fd; midway taken,1,138,Third,5,2.68,0.96,2.24,8.97,33.62,44.83,Third,3.0
500,261,3,M,5/20/75,SF09-051,HIGH,27-May-10,02-Oct-11,fd,1,73,Third,5,2.68,0.96,2.24,8.97,33.62,44.83,Third,3.0
501,262,1,F,5/20/75,SF09-051,HIGH,27-May-10,30-Aug-11,fd,1,69,Third,5,3.58,1.29,3.0,11.98,44.93,59.9,Third,3.0
502,262,3,F,5/20/75,SF09-051,HIGH,27-May-10,2012-12-27,fd; midway taken,1,138,Third,5,3.58,1.29,3.0,11.98,44.93,59.9,Third,3.0
503,263,1,M,33/47/20,SF09-054,HIGH,27-May-10,2012-12-27,fd; midway taken,1,138,Third,33,2.15,0.0,11.87,17.24,7.18,36.29,Third,3.0
504,263,3,M,33/47/20,SF09-054,HIGH,27-May-10,21-Jun-12,fd,1,111,Third,33,2.15,0.0,11.87,17.24,7.18,36.29,Third,3.0
505,264,1,F,33/47/20,SF09-054,HIGH,27-May-10,25-Nov-11,fd,1,81,Third,33,1.95,0.0,10.77,15.64,6.51,32.92,Third,3.0
506,264,3,F,33/47/20,SF09-054,HIGH,27-May-10,16-Jul-12,fd,1,115,Third,33,1.95,0.0,10.77,15.64,6.51,32.92,Third,3.0
507,265,1,M,33/20/47,SF09-057,HIGH,27-May-10,04-Jun-12,fd,1,109,Third,33,2.61,0.44,14.42,8.73,20.94,44.09,Third,3.0
508,265,3,M,33/20/47,SF09-057,HIGH,27-May-10,25-Jun-12,fd,1,112,Third,33,2.61,0.44,14.42,8.73,20.94,44.09,Third,3.0
509,266,1,F,33/20/47,SF09-057,HIGH,27-May-10,16-Apr-12,fd,1,102,Third,33,2.04,0.35,11.26,6.81,16.35,34.43,Third,3.0
510,266,3,F,33/20/47,SF09-057,HIGH,27-May-10,08-Aug-11,cann,1,66,Third,33,2.04,0.35,11.26,6.81,16.35,34.43,Third,3.0
511,267,1,M,5/48/48,SF09-060,HIGH,27-May-10,16-Jul-12,,1,115,Third,5,2.74,0.47,2.3,22.03,22.03,46.36,Third,3.0
512,267,3,M,5/48/48,SF09-060,HIGH,27-May-10,25-Nov-11,fd,1,81,Third,5,2.74,0.47,2.3,22.03,22.03,46.36,Third,3.0
513,268,1,F,5/48/48,SF09-060,HIGH,27-May-10,2012-12-22,fd,1,137,Third,5,2.79,0.47,2.34,22.44,22.44,47.23,Third,3.0
514,268,3,F,5/48/48,SF09-060,HIGH,27-May-10,2013-01-03,fd,1,139,Third,5,2.79,0.47,2.34,22.44,22.44,47.23,Third,3.0
515,269,1,M,14/29/57,SF09-063,HIGH,27-May-10,2012-01-11,fd,1,88,Third,14,3.58,0.86,8.4,17.38,34.16,59.94,Third,3.0
516,269,3,M,14/29/57,SF09-063,HIGH,27-May-10,2012-07-19,fd,1,115,Third,14,3.58,0.86,8.4,17.38,34.16,59.94,Third,3.0
517,270,1,F,14/29/57,SF09-063,HIGH,27-May-10,2012-07-18,fd,1,115,Third,14,2.47,0.59,5.79,11.97,23.53,41.3,Third,3.0
518,270,3,F,14/29/57,SF09-063,HIGH,27-May-10,10-Oct-11,fd,1,75,Third,14,2.47,0.59,5.79,11.97,23.53,41.3,Third,3.0
519,271,1,M,14/57/29,SF09-066,HIGH,27-May-10,2013-01-03,fd,1,139,Third,14,2.53,0.13,5.95,24.17,12.3,42.41,Third,3.0
520,271,3,M,14/57/29,SF09-066,HIGH,27-May-10,2012-07-18,fd,1,115,Third,14,2.53,0.13,5.95,24.17,12.3,42.41,Third,3.0
521,272,1,F,14/57/29,SF09-066,HIGH,27-May-10,24-Dec-11,fd,1,85,Third,14,2.21,0.11,5.19,21.09,10.73,37.01,Third,3.0
522,272,3,F,14/57/29,SF09-066,HIGH,27-May-10,25-Jun-12,fd,1,112,Third,14,2.21,0.11,5.19,21.09,10.73,37.01,Third,3.0
523,273,1,M,42/29/29,SF09-069,HIGH,27-May-10,2012-11-05,fd,1,131,Third,42,2.11,0.11,14.85,10.23,10.23,35.31,Third,3.0
524,273,3,M,42/29/29,SF09-069,HIGH,27-May-10,2013-01-07,fd,1,140,Third,42,2.11,0.11,14.85,10.23,10.23,35.31,Third,3.0
525,274,1,F,42/29/29,SF09-069,HIGH,27-May-10,2012-10-29,fd,1,130,Third,42,1.89,0.09,13.28,9.15,9.15,31.59,Third,3.0
526,274,3,F,42/29/29,SF09-069,HIGH,27-May-10,20-Feb-12,fd,1,94,Third,42,1.89,0.09,13.28,9.15,9.15,31.59,Third,3.0
527,275,1,M,23/38/38,SF09-072,HIGH,04-Jun-10,2012-10-22,fd,1,127,Third,23,,,,,,,,
528,275,2,M,23/38/38,SF09-072,HIGH,04-Jun-10,2012-10-22,fd,1,127,Third,23,,,,,,,,
529,275,3,M,23/38/38,SF09-072,HIGH,04-Jun-10,13-May-11,fd,1,52,Third,23,,,,,,,,
530,276,1,F,23/38/38,SF09-072,HIGH,27-May-10,21-May-12,fd,1,107,Third,23,2.17,0.26,8.37,13.81,13.81,35.98,Third,3.0
531,276,3,F,23/38/38,SF09-072,HIGH,27-May-10,2012-07-19,fd,1,115,Third,23,2.17,0.26,8.37,13.81,13.81,35.98,Third,3.0
